{
  "updateBooking" : {
    "transaction" : "updateBooking",
    "sampleCount" : 100,
    "errorCount" : 0,
    "errorPct" : 0.0,
    "meanResTime" : 295.5100000000001,
    "medianResTime" : 292.0,
    "minResTime" : 280.0,
    "maxResTime" : 348.0,
    "pct1ResTime" : 309.8,
    "pct2ResTime" : 318.95,
    "pct3ResTime" : 347.8299999999999,
    "throughput" : 11.04728236853734,
    "receivedKBytesPerSec" : 9.951184821034026,
    "sentKBytesPerSec" : 5.448122652452497
  },
  "Total" : {
    "transaction" : "Total",
    "sampleCount" : 400,
    "errorCount" : 0,
    "errorPct" : 0.0,
    "meanResTime" : 522.5275000000004,
    "medianResTime" : 295.0,
    "minResTime" : 278.0,
    "maxResTime" : 1936.0,
    "pct1ResTime" : 1153.0,
    "pct2ResTime" : 1170.95,
    "pct3ResTime" : 1935.3200000000006,
    "throughput" : 34.432297495050356,
    "receivedKBytesPerSec" : 29.943993716105705,
    "sentKBytesPerSec" : 11.995822393905483
  },
  "getBooking" : {
    "transaction" : "getBooking",
    "sampleCount" : 100,
    "errorCount" : 0,
    "errorPct" : 0.0,
    "meanResTime" : 297.4500000000001,
    "medianResTime" : 295.0,
    "minResTime" : 279.0,
    "maxResTime" : 354.0,
    "pct1ResTime" : 312.0,
    "pct2ResTime" : 320.95,
    "pct3ResTime" : 353.7599999999999,
    "throughput" : 11.049723756906078,
    "receivedKBytesPerSec" : 9.898135359116022,
    "sentKBytesPerSec" : 2.2013121546961325
  },
  "login" : {
    "transaction" : "login",
    "sampleCount" : 100,
    "errorCount" : 0,
    "errorPct" : 0.0,
    "meanResTime" : 1206.0000000000005,
    "medianResTime" : 1147.0,
    "minResTime" : 1112.0,
    "maxResTime" : 1936.0,
    "pct1ResTime" : 1339.3000000000006,
    "pct2ResTime" : 1862.2999999999988,
    "pct3ResTime" : 1936.0,
    "throughput" : 9.307520476545047,
    "receivedKBytesPerSec" : 7.055536811243485,
    "sentKBytesPerSec" : 2.299611992740134
  },
  "createBooking" : {
    "transaction" : "createBooking",
    "sampleCount" : 100,
    "errorCount" : 0,
    "errorPct" : 0.0,
    "meanResTime" : 291.1500000000001,
    "medianResTime" : 289.0,
    "minResTime" : 278.0,
    "maxResTime" : 334.0,
    "pct1ResTime" : 300.9,
    "pct2ResTime" : 310.95,
    "pct3ResTime" : 334.0,
    "throughput" : 11.081560283687944,
    "receivedKBytesPerSec" : 10.239188552748228,
    "sentKBytesPerSec" : 5.032153839760639
  }
}